step,loss,learning_rate
1,2.833992087606337,1e-06
2,2.4708629821012624,1e-06
3,2.2177716592731804,1e-06
4,2.1483603600605847,1e-06
5,2.1096958937782593,1e-06
6,1.9664034789658145,1e-06
7,1.7516593430800644,1e-06
8,1.753548938501079,1e-06
9,1.6777964407011066,1e-06
10,1.697854551885919,1e-06
11,1.6065984713397015,1e-06
12,1.5490838029611682,1e-06
13,1.5110289621958761,1e-06
14,1.4778152451199034,1e-06
15,1.458121650350051,1e-06
16,1.395251916383774,1e-06
